[
  {
    "id": "ddbb58bb-2bcd-47f6-ad1a-c25eff7dc6a4",
    "data": [
      {
        "text": "General Address of where you deliver",
        "userDefined": false
      }
    ],
    "isTemplate": false,
    "count": 0,
    "lang": "en",
    "updated": 0
  },
  {
    "id": "b6494bb9-0757-40f3-954a-1d5981c55861",
    "data": [
      {
        "text": "where deliver?",
        "userDefined": false
      }
    ],
    "isTemplate": false,
    "count": 0,
    "lang": "en",
    "updated": 0
  },
  {
    "id": "ae60e2eb-2d72-472f-9745-c141bb5065d4",
    "data": [
      {
        "text": "General Address",
        "userDefined": false
      }
    ],
    "isTemplate": false,
    "count": 0,
    "lang": "en",
    "updated": 0
  },
  {
    "id": "6f7fa72b-525e-4538-b1eb-a43c698d0335",
    "data": [
      {
        "text": "does it deliver to my house?",
        "userDefined": false
      }
    ],
    "isTemplate": false,
    "count": 0,
    "lang": "en",
    "updated": 0
  },
  {
    "id": "48a20c7c-e400-41cd-9aed-755bfd881175",
    "data": [
      {
        "text": "do you deliver in ",
        "userDefined": false
      },
      {
        "text": "dubai",
        "meta": "@sys.geo-city",
        "alias": "geo-city",
        "userDefined": false
      },
      {
        "text": "?",
        "userDefined": false
      }
    ],
    "isTemplate": false,
    "count": 0,
    "lang": "en",
    "updated": 0
  },
  {
    "id": "e004d104-635c-4968-8a2a-0b3db6cc8566",
    "data": [
      {
        "text": "do you deliver in ",
        "userDefined": false
      },
      {
        "text": "al marina mall",
        "meta": "@sys.address",
        "alias": "address",
        "userDefined": true
      },
      {
        "text": "?",
        "userDefined": false
      }
    ],
    "isTemplate": false,
    "count": 0,
    "lang": "en",
    "updated": 0
  },
  {
    "id": "62250a85-fb1e-4bec-b916-aa09cccae617",
    "data": [
      {
        "text": "do you deliver near ",
        "userDefined": false
      },
      {
        "text": "al whada mall",
        "meta": "@sys.address",
        "alias": "address",
        "userDefined": true
      },
      {
        "text": "?",
        "userDefined": false
      }
    ],
    "isTemplate": false,
    "count": 0,
    "lang": "en",
    "updated": 0
  },
  {
    "id": "7b3ee1ae-192f-4745-b0e9-658061f34932",
    "data": [
      {
        "text": "do you deliver in ",
        "userDefined": false
      },
      {
        "text": "al falah street",
        "meta": "@sys.address",
        "alias": "address",
        "userDefined": true
      },
      {
        "text": "?",
        "userDefined": false
      }
    ],
    "isTemplate": false,
    "count": 0,
    "lang": "en",
    "updated": 0
  },
  {
    "id": "1dee22d2-de66-485a-8d7b-2d20b531bbd8",
    "data": [
      {
        "text": "where do you deliver?",
        "userDefined": false
      }
    ],
    "isTemplate": false,
    "count": 0,
    "lang": "en",
    "updated": 0
  }
]