[
  {
    "id": "13186d49-b0ca-41cd-8dc8-ce0dc1388d4c",
    "data": [
      {
        "text": "do you have other dishes?",
        "userDefined": false
      }
    ],
    "isTemplate": false,
    "count": 0,
    "lang": "en",
    "updated": 0
  },
  {
    "id": "66d8b040-e392-4b3b-b547-5b335efc439c",
    "data": [
      {
        "text": "show menu",
        "userDefined": false
      }
    ],
    "isTemplate": false,
    "count": 0,
    "lang": "en",
    "updated": 0
  },
  {
    "id": "53633b25-1f02-4dd6-ba1e-523747019a41",
    "data": [
      {
        "text": "menu",
        "userDefined": false
      }
    ],
    "isTemplate": false,
    "count": 0,
    "lang": "en",
    "updated": 0
  },
  {
    "id": "3ead5c15-8f4c-47a8-a0a9-c92b0428b851",
    "data": [
      {
        "text": "can I see the menu",
        "userDefined": false
      }
    ],
    "isTemplate": false,
    "count": 0,
    "lang": "en",
    "updated": 0
  },
  {
    "id": "0df68e4d-3a3a-479b-9b1d-993007d0337e",
    "data": [
      {
        "text": "what\u0027s your menu?",
        "userDefined": false
      }
    ],
    "isTemplate": false,
    "count": 0,
    "lang": "en",
    "updated": 0
  },
  {
    "id": "b121c6cb-e4a1-4926-8b27-e7a29a3c1781",
    "data": [
      {
        "text": "what is the menu?",
        "userDefined": false
      }
    ],
    "isTemplate": false,
    "count": 0,
    "lang": "en",
    "updated": 0
  }
]