[
  {
    "id": "7ede6302-94b7-41e8-a030-0a54028ac570",
    "data": [
      {
        "text": "do I have to order the vegetables in advance?",
        "userDefined": false
      }
    ],
    "isTemplate": false,
    "count": 0,
    "lang": "en",
    "updated": 0
  },
  {
    "id": "473abed8-0d3f-4ad5-9f72-08b00e5aacca",
    "data": [
      {
        "text": "can the noodles be ordered ",
        "userDefined": false
      },
      {
        "text": "2 days before",
        "meta": "@sys.date",
        "alias": "date",
        "userDefined": false
      },
      {
        "text": "?",
        "userDefined": false
      }
    ],
    "isTemplate": false,
    "count": 0,
    "lang": "en",
    "updated": 0
  }
]